param_sensitivity,avg_maturity_change,max_maturity_change,param_volatility,overall_stability,a_sensitivity,a_volatility,b_sensitivity,b_volatility,rho_sensitivity,rho_volatility,m_sensitivity,m_volatility,sigma_sensitivity,sigma_volatility
0.19194702786340856,13.699741949531836,197.4447787105431,0.8714614896197705,4.921050155671671,0.7720642119409352,2.20863652026471,0.022649694248797782,0.3737220250395385,0.00015891673116187648,0.14505368696433277,0.15190164012562113,1.214563011922362,0.012960676270526775,0.4153322039079091
