param_sensitivity,avg_maturity_change,max_maturity_change,param_volatility,overall_stability,a_sensitivity,a_volatility,b_sensitivity,b_volatility,rho_sensitivity,rho_volatility,m_sensitivity,m_volatility,sigma_sensitivity,sigma_volatility
0.18437711139095797,185.68093370685483,2796.5682932852715,0.525833904520257,62.130381574255345,0.5768322723001177,1.0703327337868451,0.03964435473384635,0.6407309615368386,0.001913897873182073,0.14738439866912925,0.12461337024315682,0.4883095332866636,0.17888166180448695,0.28241189532180855
