param_sensitivity,avg_maturity_change,max_maturity_change,param_volatility,overall_stability,a_sensitivity,a_volatility,b_sensitivity,b_volatility,rho_sensitivity,rho_volatility,m_sensitivity,m_volatility,sigma_sensitivity,sigma_volatility
0.5178055847418359,62.29456695045003,1044.5110245757035,1.1689131727405897,21.327095235977485,1.5349544805011404,2.0639345922164027,0.02267013240195446,1.2548446281356604,0.08998815237086294,0.7218306319595464,0.885949803246573,1.2790910032338954,0.05546535518864845,0.5248650081574433
