param_sensitivity,avg_maturity_change,max_maturity_change,param_volatility,overall_stability,a_sensitivity,a_volatility,b_sensitivity,b_volatility,rho_sensitivity,rho_volatility,m_sensitivity,m_volatility,sigma_sensitivity,sigma_volatility
0.3011935090545735,102718.74592984328,1951455.0277409588,0.9616333282793041,34240.00291889354,1.3624078748394421,2.44912084909216,0.017664801257260287,0.341820679369249,6.170674724962781e-07,0.1802242289148854,0.11433881389785347,1.3387954862096918,0.011555438210839208,0.4982053978105347
