param_sensitivity,avg_maturity_change,max_maturity_change,param_volatility,overall_stability,a_sensitivity,a_volatility,b_sensitivity,b_volatility,rho_sensitivity,rho_volatility,m_sensitivity,m_volatility,sigma_sensitivity,sigma_volatility
1.128853347600828,27257626.84552113,517506922.81782556,0.7253659889380698,9085876.233246822,4.296858488352886,1.6561128480114593,0.025390828825691148,0.22144286063026947,0.1222514096051918,0.08502994879393462,1.1332834698914027,1.1428261260928358,0.06648254132896779,0.5214181611618498
