param_sensitivity,avg_maturity_change,max_maturity_change,param_volatility,overall_stability,a_sensitivity,a_volatility,b_sensitivity,b_volatility,rho_sensitivity,rho_volatility,m_sensitivity,m_volatility,sigma_sensitivity,sigma_volatility
0.6836569230882981,30.96497246166856,369.38378561094237,0.955368622234832,10.867999335663896,0.7060568599847742,1.3791291586182965,0.05376993388208939,0.8334740459985518,0.11202394188272098,0.9925129578080468,2.4203326604615025,1.0145568453089215,0.1261012192304032,0.5571701034403437
