param_sensitivity,avg_maturity_change,max_maturity_change,param_volatility,overall_stability,a_sensitivity,a_volatility,b_sensitivity,b_volatility,rho_sensitivity,rho_volatility,m_sensitivity,m_volatility,sigma_sensitivity,sigma_volatility
0.02765274343003609,51.526645486138946,563.9418784258363,0.5671416367359783,17.37381328876832,3.0932200553608184e-14,1.5607281927997845,0.007950304904307242,0.23953291761557494,0.00019602505878299297,0.19481297108410758,0.12002373083730355,0.5594554994927006,0.01009365634975574,0.2811786026877238
