param_sensitivity,avg_maturity_change,max_maturity_change,param_volatility,overall_stability,a_sensitivity,a_volatility,b_sensitivity,b_volatility,rho_sensitivity,rho_volatility,m_sensitivity,m_volatility,sigma_sensitivity,sigma_volatility
0.26484189043630363,47.18599905937834,454.4844505574133,0.6260426389249394,16.025627862913193,0.7311129260348775,1.595873066252848,0.04910297823728473,0.26848681782852235,0.0037725338608025787,0.07984391941163316,0.2711204973745213,0.8987790846928861,0.26910051667403206,0.2872303064388072
