param_sensitivity,avg_maturity_change,max_maturity_change,param_volatility,overall_stability,a_sensitivity,a_volatility,b_sensitivity,b_volatility,rho_sensitivity,rho_volatility,m_sensitivity,m_volatility,sigma_sensitivity,sigma_volatility
0.20240243965163018,4.170784783817953,51.57504762219467,0.6520043215362012,1.6750638483352613,0.4996527617208134,1.2709920933960965,0.047267012737291086,0.2405580851196158,0.0025079518266282025,0.2763217069773875,0.15045173575095552,0.6938596445549156,0.31213273622246274,0.7782900776329903
