param_sensitivity,avg_maturity_change,max_maturity_change,param_volatility,overall_stability,a_sensitivity,a_volatility,b_sensitivity,b_volatility,rho_sensitivity,rho_volatility,m_sensitivity,m_volatility,sigma_sensitivity,sigma_volatility
0.8138394706397157,1023.7374771961419,18549.86835450472,1.0956480055832916,341.882321557455,1.4557140610424253,1.8182163437671865,0.12620445461813207,0.7020793469056978,0.7600743810669305,1.0107680893171314,1.0738820012437316,1.4670036445583474,0.6533224552273595,0.4801726033680955
