param_sensitivity,avg_maturity_change,max_maturity_change,param_volatility,overall_stability,a_sensitivity,a_volatility,b_sensitivity,b_volatility,rho_sensitivity,rho_volatility,m_sensitivity,m_volatility,sigma_sensitivity,sigma_volatility
0.33941981806687266,107000.21660041458,1925940.6781578704,0.6164725430231373,35667.05749759189,1.2243777808587553,1.111964337678527,0.00933267759449929,0.272388062185403,0.06330997348000877,0.10411038195279572,0.3611866121375898,1.0968712754356935,0.03889204626351029,0.49702865786326744
