param_sensitivity,avg_maturity_change,max_maturity_change,param_volatility,overall_stability,a_sensitivity,a_volatility,b_sensitivity,b_volatility,rho_sensitivity,rho_volatility,m_sensitivity,m_volatility,sigma_sensitivity,sigma_volatility
0.23137386357213735,37976600.49099334,373528670.650462,0.8484016917649079,12658867.1902563,1.0469827405164736,1.2114532672969207,0.029608773972995883,1.5359419076061473,8.480636904728808e-10,0.1930328615055099,0.07284995071939762,0.7479187793619564,0.007427851803756166,0.5536616430540047
