param_sensitivity,avg_maturity_change,max_maturity_change,param_volatility,overall_stability,a_sensitivity,a_volatility,b_sensitivity,b_volatility,rho_sensitivity,rho_volatility,m_sensitivity,m_volatility,sigma_sensitivity,sigma_volatility
0.0845910310079015,49.003847837279984,682.29682232233,0.5825074075310235,16.556982091939638,1.734776414728212e-14,1.3965222219157751,0.006403565104068216,0.1934171431963377,0.0005643613510415872,0.3538586541276641,0.4076561677771511,0.6822026022379822,0.008331060807229233,0.28653641617735853
