param_sensitivity,avg_maturity_change,max_maturity_change,param_volatility,overall_stability,a_sensitivity,a_volatility,b_sensitivity,b_volatility,rho_sensitivity,rho_volatility,m_sensitivity,m_volatility,sigma_sensitivity,sigma_volatility
0.47739209311076386,6617459.0697199395,125731595.06064491,0.9593826134664738,2205820.1688315487,0.7184280226434561,2.80116951073631,0.045814295644726125,0.4120670395800937,0.09451386922448281,1.0896658503979606e-06,1.3987177439539857,1.160132652495782,0.12948653408716884,0.42354277485433334
