param_sensitivity,avg_maturity_change,max_maturity_change,param_volatility,overall_stability,a_sensitivity,a_volatility,b_sensitivity,b_volatility,rho_sensitivity,rho_volatility,m_sensitivity,m_volatility,sigma_sensitivity,sigma_volatility
0.4230860285008565,43.62198933391118,513.1861689353283,1.0111963824892674,15.018757248300433,1.6767536433195944,1.9051324314891902,0.014739701070214575,0.47834847083678916,0.057113481557476954,0.4426403058525333,0.318949461603724,1.7393243133503167,0.047873854953272725,0.49053639091750734
